year,CZE,EST,LTU,LVA,MDA,POL,ROU,SVK,UKR
1990,100.0,100.0,100.0,100.0,100.0,100.0,100.0,100.0,100.0
1991,88.3850576353222,92.00015456241583,94.32433572680733,87.4047777690111,83.99999972848507,92.98442120698867,87.08178927017894,85.42619732716359,91.30000000027862
1992,87.9373498934112,72.52495890782814,74.27195403638328,59.331612766371954,59.55599987667712,95.32295951423356,79.44712986452687,79.68428522144895,82.26129999838689
1993,87.99178684361523,68.36167085868473,62.219946320034616,56.37513113917399,58.84132791804356,98.88642752288592,80.66174499248675,81.19934544773146,70.5801953991389
1994,90.55174024351153,67.23887881202533,56.14351324780049,57.6096949743033,40.6593574583016,104.12029040242976,83.83331861030756,86.23819561071946,54.41733065328079
1995,96.1853316338378,70.28256997034062,57.99068122182026,57.06541996922137,40.09012683815133,112.37667496749441,89.05907815305923,91.27751965525258,47.778416313178695
1996,100.19489823755868,73.75664602154414,60.90584015779585,58.37790239469827,37.73400591503177,119.22477184920733,92.53924160974364,96.86331938406585,43.00057468186079
1997,99.59789854477529,83.38190359851157,65.96140882516163,63.73201790103721,38.3555093536677,126.80616343746306,88.05195572684525,102.17708628381006,41.71055744208284
1998,99.20632921367513,87.00053447423745,70.88406730862394,67.90646676090053,35.846218259596185,132.6666514636869,86.26466576576553,106.08649168613185,40.91805684978995
1999,100.57375017762644,86.63076012887117,70.10646329178286,69.82034571625081,34.638826408385476,138.90090257322555,85.93974066687122,105.58442547233355,40.836220736046805
2000,104.6074310216789,95.36975810981869,72.50313831536894,73.89857055854354,35.36891452321363,145.3685904840429,88.05494410085973,106.4177236030378,43.24555775957519
2001,107.65905942822423,100.97821124525976,77.2043336303245,78.67284554787443,37.52641845035483,147.16206768320333,92.64977106483583,109.5306131088452,47.05116684400591
2002,109.28843568149236,107.97903146514133,82.39234089952468,84.70350291414292,40.453478961043984,149.95990464302554,97.93357977281322,114.36885793103504,49.56353316034252
2003,112.89586862025416,116.18144458710029,91.08629499268777,91.84327346671056,43.12340855539222,155.2435486932989,100.22634916004978,119.92340855683837,54.28030124620684
2004,118.24300046180116,124.08259737594587,97.00875810191458,99.85673079580486,46.314540673602686,163.1466802284783,110.67806612437334,126.38667894606566,60.682854131519015
2005,125.78102586719679,135.899049960677,104.50893858491766,111.45540747809393,49.788131293304126,168.46660428800496,115.84468211087456,134.5827694142949,62.54656439061351
2006,134.11172080121008,149.16629162550947,112.23787751608415,125.7495833785003,52.177961514082874,178.91508352942105,125.14563277913989,146.5952062323457,67.2822279535714
2007,141.47287973674486,160.4595504311832,124.67150906546888,138.845820617983,53.743300477351994,191.01054445215456,134.1984272539295,162.45479847036452,72.81003114584617
2008,145.16853060471942,152.23549857094662,127.91229700251357,134.14072916507064,57.9352779927364,199.3840087199024,146.68890181428338,171.16786211184353,74.44351807585389
2009,138.20287391805311,129.96310634089053,108.9318878192979,112.62453000755946,54.45916116049641,204.5981569416405,138.59650613416167,161.74449290973914,63.17539885111563
2010,141.95461910222758,133.14687780672034,109.39724437189729,108.50105472196267,58.3257616611947,211.0817241658169,133.18318775775896,172.7278846704103,65.76053893077133
2011,144.47059559169088,143.27532696769927,116.3151286091339,111.79552088391493,61.719251381057795,222.17504516328916,139.17055662891374,177.15390670653397,69.34138493804026
2012,143.35720666666222,148.53642380235223,121.41311117787801,119.96245263321535,61.35527199903842,225.5338467857028,141.8198309593564,179.93375451925016,69.4470022457649
2013,143.29726555498107,151.14545687156587,126.32659438336897,122.47697394438416,66.9041603416972,227.07704094805638,142.21518476474654,181.1992709806315,69.47855833473776
2014,146.51459324151966,156.16770281933495,131.09232048223646,125.0428172773258,70.24911803959357,235.97961592132256,148.06876332361827,186.10605938340507,62.475887403715966
2015,153.77989807173586,159.03830355409085,134.80591217059316,129.7736461131803,70.01151049797083,246.43768267269195,152.7433475670274,195.74054507028697,56.37012691662528
2016,157.74875754118273,163.95738883033232,138.40782119810768,133.08506209835767,73.26425533117568,253.90764669499123,157.1117042408475,199.553215453268,57.74611153698898
2017,165.90999252200768,173.19585071348732,144.79152638550735,137.60855512136456,76.32348640590561,266.99013087246357,169.98775981589714,205.2898381383116,59.10890376261433
2018,170.60575280030957,179.60357337915636,151.9129061979271,143.53908872194305,79.43412295724357,283.6659565820175,179.15778739559457,213.62895733964885,61.170836501190195
2019,176.68917277998437,186.29676893113586,159.01840730404027,144.50851264418176,82.25587249562614,296.65915707305476,186.25295459049607,218.49093685749543,63.12799977840624
2020,167.31602497791783,180.9243287087994,159.08649236086086,139.4951835724092,75.44839432115083,290.620455758135,179.55152586368024,212.8418265542999,60.75892087766539
2021,174.05721827749667,195.85941574107784,169.25978357927784,149.1796949041367,85.95835549087492,310.7522655773513,189.58369934647087,224.87985974550514,62.85244280789113
