country,year,indicator,value
CZE,2021,NY.GDP.MKTP.KD,214043320221.167
CZE,2020,NY.GDP.MKTP.KD,205753475017.539
CZE,2019,NY.GDP.MKTP.KD,217279912681.73
CZE,2018,NY.GDP.MKTP.KD,209798950825.42
CZE,2017,NY.GDP.MKTP.KD,204024435232.921
CZE,2016,NY.GDP.MKTP.KD,193988322685.058
CZE,2015,NY.GDP.MKTP.KD,189107698561.919
CZE,2014,NY.GDP.MKTP.KD,180173337874.854
CZE,2013,NY.GDP.MKTP.KD,176216894659.909
CZE,2012,NY.GDP.MKTP.KD,176290606021.546
CZE,2011,NY.GDP.MKTP.KD,177659773382.538
CZE,2010,NY.GDP.MKTP.KD,174565802522.079
CZE,2009,NY.GDP.MKTP.KD,169952170270.619
CZE,2008,NY.GDP.MKTP.KD,178518044754.249
CZE,2007,NY.GDP.MKTP.KD,173973393346.007
CZE,2006,NY.GDP.MKTP.KD,164921158024.599
CZE,2005,NY.GDP.MKTP.KD,154676655549.654
CZE,2004,NY.GDP.MKTP.KD,145406922288.089
CZE,2003,NY.GDP.MKTP.KD,138831395778.178
CZE,2002,NY.GDP.MKTP.KD,134395228572.192
CZE,2001,NY.GDP.MKTP.KD,132391536300.246
CZE,2000,NY.GDP.MKTP.KD,128638858401.092
CZE,1999,NY.GDP.MKTP.KD,123678521512.351
CZE,1998,NY.GDP.MKTP.KD,121996963423.806
CZE,1997,NY.GDP.MKTP.KD,122478487836.036
CZE,1996,NY.GDP.MKTP.KD,123212636052.806
CZE,1995,NY.GDP.MKTP.KD,118281953160.126
CZE,1994,NY.GDP.MKTP.KD,111354158852.668
CZE,1993,NY.GDP.MKTP.KD,108206108282.012
CZE,1992,NY.GDP.MKTP.KD,108139165550.882
CZE,1991,NY.GDP.MKTP.KD,108689725030.78
CZE,1990,NY.GDP.MKTP.KD,122972963913.465
EST,2021,NY.GDP.MKTP.KD,28709089435.1187
EST,2020,NY.GDP.MKTP.KD,26519903136.8312
EST,2019,NY.GDP.MKTP.KD,27307395871.0676
EST,2018,NY.GDP.MKTP.KD,26326306710.8582
EST,2017,NY.GDP.MKTP.KD,25387062190.0468
EST,2016,NY.GDP.MKTP.KD,24032887679.5037
EST,2015,NY.GDP.MKTP.KD,23311847750.9394
EST,2014,NY.GDP.MKTP.KD,22891074856.6938
EST,2013,NY.GDP.MKTP.KD,22154913628.3244
EST,2012,NY.GDP.MKTP.KD,21772481344.2301
EST,2011,NY.GDP.MKTP.KD,21001309333.0129
EST,2010,NY.GDP.MKTP.KD,19516680413.329
EST,2009,NY.GDP.MKTP.KD,19050002927.2983
EST,2008,NY.GDP.MKTP.KD,22314692031.2014
EST,2007,NY.GDP.MKTP.KD,23520174236.2883
EST,2006,NY.GDP.MKTP.KD,21864807422.0901
EST,2005,NY.GDP.MKTP.KD,19920094036.3597
EST,2004,NY.GDP.MKTP.KD,18188037434.5502
EST,2003,NY.GDP.MKTP.KD,17029885802.1805
EST,2002,NY.GDP.MKTP.KD,15827575405.1485
EST,2001,NY.GDP.MKTP.KD,14801394595.5546
EST,2000,NY.GDP.MKTP.KD,13979307068.9028
EST,1999,NY.GDP.MKTP.KD,12698344018.6504
EST,1998,NY.GDP.MKTP.KD,12752545572.9222
EST,1997,NY.GDP.MKTP.KD,12222126358.4524
EST,1996,NY.GDP.MKTP.KD,10811255302.9678
EST,1995,NY.GDP.MKTP.KD,10302024946.6889
EST,1994,NY.GDP.MKTP.KD,9855880443.77427
EST,1993,NY.GDP.MKTP.KD,10020459395.2769
EST,1992,NY.GDP.MKTP.KD,10630714503.4869
EST,1991,NY.GDP.MKTP.KD,13485390300.9126
EST,1990,NY.GDP.MKTP.KD,14658008309.9357
LTU,2021,NY.GDP.MKTP.KD,52158046400.3588
LTU,2020,NY.GDP.MKTP.KD,49023107998.6089
LTU,2019,NY.GDP.MKTP.KD,49002127329.2631
LTU,2018,NY.GDP.MKTP.KD,46812540124.5928
LTU,2017,NY.GDP.MKTP.KD,44618059836.1503
LTU,2016,NY.GDP.MKTP.KD,42650896790.5078
LTU,2015,NY.GDP.MKTP.KD,41540954817.2039
LTU,2014,NY.GDP.MKTP.KD,40396597406.9714
LTU,2013,NY.GDP.MKTP.KD,38928020774.4147
LTU,2012,NY.GDP.MKTP.KD,37413912227.1865
LTU,2011,NY.GDP.MKTP.KD,35842949499.0897
LTU,2010,NY.GDP.MKTP.KD,33711177146.509
LTU,2009,NY.GDP.MKTP.KD,33567775753.9873
LTU,2008,NY.GDP.MKTP.KD,39416661070.6359
LTU,2007,NY.GDP.MKTP.KD,38417999935.5475
LTU,2006,NY.GDP.MKTP.KD,34586529059.4547
LTU,2005,NY.GDP.MKTP.KD,32204827116.6036
LTU,2004,NY.GDP.MKTP.KD,29893617960.0569
LTU,2003,NY.GDP.MKTP.KD,28068588415.9846
LTU,2002,NY.GDP.MKTP.KD,25389513378.757
LTU,2001,NY.GDP.MKTP.KD,23790809196.6404
LTU,2000,NY.GDP.MKTP.KD,22342117970.7075
LTU,1999,NY.GDP.MKTP.KD,21603573442.0349
LTU,1998,NY.GDP.MKTP.KD,21843195078.8693
LTU,1997,NY.GDP.MKTP.KD,20326259134.8192
LTU,1996,NY.GDP.MKTP.KD,18768366411.8313
LTU,1995,NY.GDP.MKTP.KD,17870049092.5502
LTU,1994,NY.GDP.MKTP.KD,17300837252.2606
LTU,1993,NY.GDP.MKTP.KD,19173313226.3411
LTU,1992,NY.GDP.MKTP.KD,22887185266.0768
LTU,1991,NY.GDP.MKTP.KD,29066402990.0376
LTU,1990,NY.GDP.MKTP.KD,30815380533.6334
LVA,2021,NY.GDP.MKTP.KD,30284070900.4111
LVA,2020,NY.GDP.MKTP.KD,28318076614.1623
LVA,2019,NY.GDP.MKTP.KD,29335802338.5259
LVA,2018,NY.GDP.MKTP.KD,29139005429.8548
LVA,2017,NY.GDP.MKTP.KD,27935083541.205
LVA,2016,NY.GDP.MKTP.KD,27016796481.3321
LVA,2015,NY.GDP.MKTP.KD,26344565876.8902
LVA,2014,NY.GDP.MKTP.KD,25384188823.064
LVA,2013,NY.GDP.MKTP.KD,24863312429.9055
LVA,2012,NY.GDP.MKTP.KD,24352854611.1188
LVA,2011,NY.GDP.MKTP.KD,22694935010.9107
LVA,2010,NY.GDP.MKTP.KD,22026145287.9415
LVA,2009,NY.GDP.MKTP.KD,22863227157.4637
LVA,2008,NY.GDP.MKTP.KD,27231101091.0587
LVA,2007,NY.GDP.MKTP.KD,28186253353.8682
LVA,2006,NY.GDP.MKTP.KD,25527665150.2661
LVA,2005,NY.GDP.MKTP.KD,22625890637.9303
LVA,2004,NY.GDP.MKTP.KD,20271313178.6916
LVA,2003,NY.GDP.MKTP.KD,18644549495.6873
LVA,2002,NY.GDP.MKTP.KD,17195147700.3185
LVA,2001,NY.GDP.MKTP.KD,15970900289.3453
LVA,2000,NY.GDP.MKTP.KD,15001703493.7099
LVA,1999,NY.GDP.MKTP.KD,14173807644.0021
LVA,1998,NY.GDP.MKTP.KD,13785282610.3782
LVA,1997,NY.GDP.MKTP.KD,12937852902.7127
LVA,1996,NY.GDP.MKTP.KD,11850946177.8588
LVA,1995,NY.GDP.MKTP.KD,11584507029.7279
LVA,1994,NY.GDP.MKTP.KD,11694997018.6893
LVA,1993,NY.GDP.MKTP.KD,11444375654.0447
LVA,1992,NY.GDP.MKTP.KD,12044553173.3201
LVA,1991,NY.GDP.MKTP.KD,17743517230.6282
LVA,1990,NY.GDP.MKTP.KD,20300397396.49
MDA,2021,NY.GDP.MKTP.KD,9573777856.36482
MDA,2020,NY.GDP.MKTP.KD,8403210632.93021
MDA,2019,NY.GDP.MKTP.KD,9161406662.06896
MDA,2018,NY.GDP.MKTP.KD,8847128857.51461
MDA,2017,NY.GDP.MKTP.KD,8500675703.95748
MDA,2016,NY.GDP.MKTP.KD,8159947934.63828
MDA,2015,NY.GDP.MKTP.KD,7797667196.73087
MDA,2014,NY.GDP.MKTP.KD,7824131195.57662
MDA,2013,NY.GDP.MKTP.KD,7451580071.77113
MDA,2012,NY.GDP.MKTP.KD,6833561915.89765
MDA,2011,NY.GDP.MKTP.KD,6874100822.53274
MDA,2010,NY.GDP.MKTP.KD,6496144351.04957
MDA,2009,NY.GDP.MKTP.KD,6065494252.61994
MDA,2008,NY.GDP.MKTP.KD,6452653478.32394
MDA,2007,NY.GDP.MKTP.KD,5985763886.4747
MDA,2006,NY.GDP.MKTP.KD,5811421236.26146
MDA,2005,NY.GDP.MKTP.KD,5545249279.88205
MDA,2004,NY.GDP.MKTP.KD,5158371415.97847
MDA,2003,NY.GDP.MKTP.KD,4802952913.19777
MDA,2002,NY.GDP.MKTP.KD,4505584348.12398
MDA,2001,NY.GDP.MKTP.KD,4179577330.63921
MDA,2000,NY.GDP.MKTP.KD,3939281163.91139
MDA,1999,NY.GDP.MKTP.KD,3857966190.08457
MDA,1998,NY.GDP.MKTP.KD,3992441789.3799
MDA,1997,NY.GDP.MKTP.KD,4271918931.24013
MDA,1996,NY.GDP.MKTP.KD,4202697785.43658
MDA,1995,NY.GDP.MKTP.KD,4465115303.68557
MDA,1994,NY.GDP.MKTP.KD,4528514463.37445
MDA,1993,NY.GDP.MKTP.KD,6553566538.6324
MDA,1992,NY.GDP.MKTP.KD,6633164508.28943
MDA,1991,NY.GDP.MKTP.KD,9355662201.10612
MDA,1990,NY.GDP.MKTP.KD,11137693132.5555
POL,2021,NY.GDP.MKTP.KD,605337233054.782
POL,2020,NY.GDP.MKTP.KD,566120997479.772
POL,2019,NY.GDP.MKTP.KD,577884228677.544
POL,2018,NY.GDP.MKTP.KD,552573816155.989
POL,2017,NY.GDP.MKTP.KD,520089746650.75
POL,2016,NY.GDP.MKTP.KD,494605411858.337
POL,2015,NY.GDP.MKTP.KD,480054118583.367
POL,2014,NY.GDP.MKTP.KD,459682079851.439
POL,2013,NY.GDP.MKTP.KD,442340098156.254
POL,2012,NY.GDP.MKTP.KD,439333996551.267
POL,2011,NY.GDP.MKTP.KD,432791139408.41
POL,2010,NY.GDP.MKTP.KD,411181642127.603
POL,2009,NY.GDP.MKTP.KD,398551823849.317
POL,2008,NY.GDP.MKTP.KD,388394800371.402
POL,2007,NY.GDP.MKTP.KD,372083512402.176
POL,2006,NY.GDP.MKTP.KD,348521872927.444
POL,2005,NY.GDP.MKTP.KD,328168510412.522
POL,2004,NY.GDP.MKTP.KD,317805438387.054
POL,2003,NY.GDP.MKTP.KD,302410346199.761
POL,2002,NY.GDP.MKTP.KD,292117946677.278
POL,2001,NY.GDP.MKTP.KD,286667833930.23
POL,2000,NY.GDP.MKTP.KD,283174187558.032
POL,1999,NY.GDP.MKTP.KD,270575301764.16
POL,1998,NY.GDP.MKTP.KD,258431144714.153
POL,1997,NY.GDP.MKTP.KD,247015068311.447
POL,1996,NY.GDP.MKTP.KD,232246717071.23
POL,1995,NY.GDP.MKTP.KD,218906804615.997
POL,1994,NY.GDP.MKTP.KD,202823584825.574
POL,1993,NY.GDP.MKTP.KD,192628157713.225
POL,1992,NY.GDP.MKTP.KD,185686615837.644
POL,1991,NY.GDP.MKTP.KD,181131204775.169
POL,1990,NY.GDP.MKTP.KD,194797367584.792
ROU,2021,NY.GDP.MKTP.KD,220789460074.341
ROU,2020,NY.GDP.MKTP.KD,209105975817.662
ROU,2019,NY.GDP.MKTP.KD,216910469745.256
ROU,2018,NY.GDP.MKTP.KD,208647427408.285
ROU,2017,NY.GDP.MKTP.KD,197967999561.02
ROU,2016,NY.GDP.MKTP.KD,182972525962.275
ROU,2015,NY.GDP.MKTP.KD,177885131240.315
ROU,2014,NY.GDP.MKTP.KD,172441103432.375
ROU,2013,NY.GDP.MKTP.KD,165624017079.639
ROU,2012,NY.GDP.MKTP.KD,165163587446.019
ROU,2011,NY.GDP.MKTP.KD,162078238594.701
ROU,2010,NY.GDP.MKTP.KD,155105339843.99
ROU,2009,NY.GDP.MKTP.KD,161409698529.133
ROU,2008,NY.GDP.MKTP.KD,170834114652.888
ROU,2007,NY.GDP.MKTP.KD,156287689281.09
ROU,2006,NY.GDP.MKTP.KD,145744791283.304
ROU,2005,NY.GDP.MKTP.KD,134912890211.095
ROU,2004,NY.GDP.MKTP.KD,128895841498.556
ROU,2003,NY.GDP.MKTP.KD,116723756275.208
ROU,2002,NY.GDP.MKTP.KD,114053593614.452
ROU,2001,NY.GDP.MKTP.KD,107900062083.039
ROU,2000,NY.GDP.MKTP.KD,102548919722.127
ROU,1999,NY.GDP.MKTP.KD,100085550636.348
ROU,1998,NY.GDP.MKTP.KD,100463958892.948
ROU,1997,NY.GDP.MKTP.KD,102545439457.276
ROU,1996,NY.GDP.MKTP.KD,107771339314.171
ROU,1995,NY.GDP.MKTP.KD,103718335742.553
ROU,1994,NY.GDP.MKTP.KD,97632408355.8641
ROU,1993,NY.GDP.MKTP.KD,93938788972.5597
ROU,1992,NY.GDP.MKTP.KD,92524246376.2034
ROU,1991,NY.GDP.MKTP.KD,101415582149.459
ROU,1990,NY.GDP.MKTP.KD,116460149704.559
SVK,2021,NY.GDP.MKTP.KD,102454294896.646
SVK,2020,NY.GDP.MKTP.KD,96969818857.1148
SVK,2019,NY.GDP.MKTP.KD,99543529164.3085
SVK,2018,NY.GDP.MKTP.KD,97328432250.4869
SVK,2017,NY.GDP.MKTP.KD,93529165482.8938
SVK,2016,NY.GDP.MKTP.KD,90915584911.6973
SVK,2015,NY.GDP.MKTP.KD,89178548717.3324
SVK,2014,NY.GDP.MKTP.KD,84789118561.7889
SVK,2013,NY.GDP.MKTP.KD,82553606913.1151
SVK,2012,NY.GDP.MKTP.KD,81977043067.5237
SVK,2011,NY.GDP.MKTP.KD,80710556384.8384
SVK,2010,NY.GDP.MKTP.KD,78694079820.7688
SVK,2009,NY.GDP.MKTP.KD,73690093871.6194
SVK,2008,NY.GDP.MKTP.KD,77983340266.5833
SVK,2007,NY.GDP.MKTP.KD,74013706023.7143
SVK,2006,NY.GDP.MKTP.KD,66788144152.8851
SVK,2005,NY.GDP.MKTP.KD,61315329710.646
SVK,2004,NY.GDP.MKTP.KD,57581226217.4214
SVK,2003,NY.GDP.MKTP.KD,54636588083.9574
SVK,2002,NY.GDP.MKTP.KD,52105958758.2435
SVK,2001,NY.GDP.MKTP.KD,49901675269.4696
SVK,2000,NY.GDP.MKTP.KD,48483456226.779
SVK,1999,NY.GDP.MKTP.KD,48103809189.8384
SVK,1998,NY.GDP.MKTP.KD,48332548393.0038
SVK,1997,NY.GDP.MKTP.KD,46551440140.7428
SVK,1996,NY.GDP.MKTP.KD,44130510842.8744
SVK,1995,NY.GDP.MKTP.KD,41585644560.5088
SVK,1994,NY.GDP.MKTP.KD,39289750244.661
SVK,1993,NY.GDP.MKTP.KD,36994071827.2028
SVK,1992,NY.GDP.MKTP.KD,36303816917.8241
SVK,1991,NY.GDP.MKTP.KD,38919807326.2816
SVK,1990,NY.GDP.MKTP.KD,45559569012.8021
UKR,2021,NY.GDP.MKTP.KD,101499127457.564
UKR,2020,NY.GDP.MKTP.KD,98118341608.386
UKR,2019,NY.GDP.MKTP.KD,101944118786.821
UKR,2018,NY.GDP.MKTP.KD,98783535744.1445
UKR,2017,NY.GDP.MKTP.KD,95453762636.0202
UKR,2016,NY.GDP.MKTP.KD,93253017277.0895
UKR,2015,NY.GDP.MKTP.KD,91030967789.0717
UKR,2014,NY.GDP.MKTP.KD,100891035818.548
UKR,2013,NY.GDP.MKTP.KD,112199506223.487
UKR,2012,NY.GDP.MKTP.KD,112148546939.271
UKR,2011,NY.GDP.MKTP.KD,111977987704.028
UKR,2010,NY.GDP.MKTP.KD,106195352549.996
UKR,2009,NY.GDP.MKTP.KD,102020662582.215
UKR,2008,NY.GDP.MKTP.KD,120217318405.036
UKR,2007,NY.GDP.MKTP.KD,117579433691.217
UKR,2006,NY.GDP.MKTP.KD,108652697104.575
UKR,2005,NY.GDP.MKTP.KD,101005170642.605
UKR,2004,NY.GDP.MKTP.KD,97995502972.09
UKR,2003,NY.GDP.MKTP.KD,87656150954.4385
UKR,2002,NY.GDP.MKTP.KD,80039138412.8861
UKR,2001,NY.GDP.MKTP.KD,75981969310.6229
UKR,2000,NY.GDP.MKTP.KD,69836368849.3183
UKR,1999,NY.GDP.MKTP.KD,65945579649.8151
UKR,1998,NY.GDP.MKTP.KD,66077735120.1257
UKR,1997,NY.GDP.MKTP.KD,67357528156.5426
UKR,1996,NY.GDP.MKTP.KD,69440750675.7195
UKR,1995,NY.GDP.MKTP.KD,77156389639.6884
UKR,1994,NY.GDP.MKTP.KD,87877436947.9924
UKR,1993,NY.GDP.MKTP.KD,113978517441.132
UKR,1992,NY.GDP.MKTP.KD,132842094918.75
UKR,1991,NY.GDP.MKTP.KD,147438507127.37
UKR,1990,NY.GDP.MKTP.KD,161487959613.275
CZE,2021,NY.GDP.PCAP.CD,27696.4619527544
CZE,2020,NY.GDP.PCAP.CD,23472.8915454417
CZE,2019,NY.GDP.PCAP.CD,24062.7190013343
CZE,2018,NY.GDP.PCAP.CD,23705.9329811299
CZE,2017,NY.GDP.PCAP.CD,20913.197632212
CZE,2016,NY.GDP.PCAP.CD,18753.9686718096
CZE,2015,NY.GDP.PCAP.CD,17931.5987670768
CZE,2014,NY.GDP.PCAP.CD,20038.4163180257
CZE,2013,NY.GDP.PCAP.CD,20260.4954999375
CZE,2012,NY.GDP.PCAP.CD,20014.0354015165
CZE,2011,NY.GDP.PCAP.CD,22049.1080788682
CZE,2010,NY.GDP.PCAP.CD,20160.4355077059
CZE,2009,NY.GDP.PCAP.CD,19817.4215836554
CZE,2008,NY.GDP.PCAP.CD,22774.7045076205
CZE,2007,NY.GDP.PCAP.CD,18452.6532812196
CZE,2006,NY.GDP.PCAP.CD,15259.0788162004
CZE,2005,NY.GDP.PCAP.CD,13442.4916284309
CZE,2004,NY.GDP.PCAP.CD,11782.5546676117
CZE,2003,NY.GDP.PCAP.CD,9852.45677945801
CZE,2002,NY.GDP.PCAP.CD,8101.26018588111
CZE,2001,NY.GDP.PCAP.CD,6669.07494847497
CZE,2000,NY.GDP.PCAP.CD,6062.92152842793
CZE,1999,NY.GDP.PCAP.CD,6377.6211077224
CZE,1998,NY.GDP.PCAP.CD,6526.59635780951
CZE,1997,NY.GDP.PCAP.CD,6069.38762357837
CZE,1996,NY.GDP.PCAP.CD,6573.19643136362
CZE,1995,NY.GDP.PCAP.CD,5865.29460556726
CZE,1994,NY.GDP.PCAP.CD,4663.28665345469
CZE,1993,NY.GDP.PCAP.CD,3984.1463439879
CZE,1992,NY.GDP.PCAP.CD,3396.70972430469
CZE,1991,NY.GDP.PCAP.CD,2917.08655474323
CZE,1990,NY.GDP.PCAP.CD,3969.36733543794
EST,2021,NY.GDP.PCAP.CD,27951.1659277744
EST,2020,NY.GDP.PCAP.CD,23933.9939421065
EST,2019,NY.GDP.PCAP.CD,24021.2501413306
EST,2018,NY.GDP.PCAP.CD,23618.1361254581
EST,2017,NY.GDP.PCAP.CD,20851.5223496861
EST,2016,NY.GDP.PCAP.CD,18666.3736521706
EST,2015,NY.GDP.PCAP.CD,17722.1557669523
EST,2014,NY.GDP.PCAP.CD,20581.7898991695
EST,2013,NY.GDP.PCAP.CD,19310.3874900757
EST,2012,NY.GDP.PCAP.CD,17568.2137969714
EST,2011,NY.GDP.PCAP.CD,17555.5455239426
EST,2010,NY.GDP.PCAP.CD,14663.7041018705
EST,2009,NY.GDP.PCAP.CD,14712.4494217916
EST,2008,NY.GDP.PCAP.CD,18205.9064113446
EST,2007,NY.GDP.PCAP.CD,16745.4308011148
EST,2006,NY.GDP.PCAP.CD,12641.4800976473
EST,2005,NY.GDP.PCAP.CD,10414.6381183565
EST,2004,NY.GDP.PCAP.CD,8916.0728274602
EST,2003,NY.GDP.PCAP.CD,7205.40703313243
EST,2002,NY.GDP.PCAP.CD,5343.18310760735
EST,2001,NY.GDP.PCAP.CD,4502.66614992392
EST,2000,NY.GDP.PCAP.CD,4070.60902410208
EST,1999,NY.GDP.PCAP.CD,4140.93660232167
EST,1998,NY.GDP.PCAP.CD,4093.39247738765
EST,1997,NY.GDP.PCAP.CD,3682.95230146695
EST,1996,NY.GDP.PCAP.CD,3380.92630243199
EST,1995,NY.GDP.PCAP.CD,3134.38975345407
EST,1994,NY.GDP.PCAP.CD,2819.12612100926
EST,1993,NY.GDP.PCAP.CD,2685.90889287357
EST,1992,NY.GDP.PCAP.CD,
EST,1991,NY.GDP.PCAP.CD,
EST,1990,NY.GDP.PCAP.CD,
LTU,2021,NY.GDP.PCAP.CD,23882.8668916753
LTU,2020,NY.GDP.PCAP.CD,20428.6478157394
LTU,2019,NY.GDP.PCAP.CD,19608.7943945553
LTU,2018,NY.GDP.PCAP.CD,19247.2315367967
LTU,2017,NY.GDP.PCAP.CD,16800.1510246099
LTU,2016,NY.GDP.PCAP.CD,14934.2702840428
LTU,2015,NY.GDP.PCAP.CD,14269.8039878287
LTU,2014,NY.GDP.PCAP.CD,16446.1647181663
LTU,2013,NY.GDP.PCAP.CD,15636.5252586048
LTU,2012,NY.GDP.PCAP.CD,14288.1853493139
LTU,2011,NY.GDP.PCAP.CD,14261.8433787325
LTU,2010,NY.GDP.PCAP.CD,11829.122609457
LTU,2009,NY.GDP.PCAP.CD,11854.3711053096
LTU,2008,NY.GDP.PCAP.CD,14955.5345462921
LTU,2007,NY.GDP.PCAP.CD,12295.1212779366
LTU,2006,NY.GDP.PCAP.CD,9210.10118229413
LTU,2005,NY.GDP.PCAP.CD,7857.03148786492
LTU,2004,NY.GDP.PCAP.CD,6734.57487061946
LTU,2003,NY.GDP.PCAP.CD,5507.47434187652
LTU,2002,NY.GDP.PCAP.CD,4148.13091485015
LTU,2001,NY.GDP.PCAP.CD,3532.52787363242
LTU,2000,NY.GDP.PCAP.CD,3300.63634928559
LTU,1999,NY.GDP.PCAP.CD,3127.51176667183
LTU,1998,NY.GDP.PCAP.CD,3180.64498555255
LTU,1997,NY.GDP.PCAP.CD,2844.16286797492
LTU,1996,NY.GDP.PCAP.CD,2340.67545970008
LTU,1995,NY.GDP.PCAP.CD,2182.69156931505
LTU,1994,NY.GDP.PCAP.CD,
LTU,1993,NY.GDP.PCAP.CD,
LTU,1992,NY.GDP.PCAP.CD,
LTU,1991,NY.GDP.PCAP.CD,
LTU,1990,NY.GDP.PCAP.CD,
LVA,2021,NY.GDP.PCAP.CD,20261.8887788916
LVA,2020,NY.GDP.PCAP.CD,17564.2321549354
LVA,2019,NY.GDP.PCAP.CD,17294.9751600969
LVA,2018,NY.GDP.PCAP.CD,17252.1710428626
LVA,2017,NY.GDP.PCAP.CD,15132.4958333982
LVA,2016,NY.GDP.PCAP.CD,13838.5266823272
LVA,2015,NY.GDP.PCAP.CD,13321.9753140616
LVA,2014,NY.GDP.PCAP.CD,15185.814581236
LVA,2013,NY.GDP.PCAP.CD,14484.4715282132
LVA,2012,NY.GDP.PCAP.CD,13329.3499931271
LVA,2011,NY.GDP.PCAP.CD,12902.574053337
LVA,2010,NY.GDP.PCAP.CD,11188.4191700977
LVA,2009,NY.GDP.PCAP.CD,11996.0322729773
LVA,2008,NY.GDP.PCAP.CD,15677.6080864506
LVA,2007,NY.GDP.PCAP.CD,13370.9789452508
LVA,2006,NY.GDP.PCAP.CD,9211.7374468148
LVA,2005,NY.GDP.PCAP.CD,7283.78738127622
LVA,2004,NY.GDP.PCAP.CD,6109.73265186817
LVA,2003,NY.GDP.PCAP.CD,4914.57992829302
LVA,2002,NY.GDP.PCAP.CD,4003.60935783538
LVA,2001,NY.GDP.PCAP.CD,3504.61829462397
LVA,2000,NY.GDP.PCAP.CD,3278.17896440803
LVA,1999,NY.GDP.PCAP.CD,3063.89794599707
LVA,1998,NY.GDP.PCAP.CD,2893.79998716563
LVA,1997,NY.GDP.PCAP.CD,2609.89308697195
LVA,1996,NY.GDP.PCAP.CD,2360.1714816213
LVA,1995,NY.GDP.PCAP.CD,2256.77360387054
LVA,1994,NY.GDP.PCAP.CD,
LVA,1993,NY.GDP.PCAP.CD,
LVA,1992,NY.GDP.PCAP.CD,
LVA,1991,NY.GDP.PCAP.CD,
LVA,1990,NY.GDP.PCAP.CD,
MDA,2021,NY.GDP.PCAP.CD,5274.60582195352
MDA,2020,NY.GDP.PCAP.CD,4375.7788930524
MDA,2019,NY.GDP.PCAP.CD,4405.33418162155
MDA,2018,NY.GDP.PCAP.CD,4156.44981956646
MDA,2017,NY.GDP.PCAP.CD,3453.26727720294
MDA,2016,NY.GDP.PCAP.CD,2847.08794770479
MDA,2015,NY.GDP.PCAP.CD,2749.55137054338
MDA,2014,NY.GDP.PCAP.CD,3289.95758568777
MDA,2013,NY.GDP.PCAP.CD,3321.04397795719
MDA,2012,NY.GDP.PCAP.CD,3044.8084324815
MDA,2011,NY.GDP.PCAP.CD,2941.36224066021
MDA,2010,NY.GDP.PCAP.CD,2436.79935102421
MDA,2009,NY.GDP.PCAP.CD,1898.43975710988
MDA,2008,NY.GDP.PCAP.CD,2110.55305353857
MDA,2007,NY.GDP.PCAP.CD,1531.21618590748
MDA,2006,NY.GDP.PCAP.CD,1183.02481442894
MDA,2005,NY.GDP.PCAP.CD,1034.39197746993
MDA,2004,NY.GDP.PCAP.CD,897.178494749468
MDA,2003,NY.GDP.PCAP.CD,682.319095965299
MDA,2002,NY.GDP.PCAP.CD,570.799866188293
MDA,2001,NY.GDP.PCAP.CD,507.404076252819
MDA,2000,NY.GDP.PCAP.CD,440.538683980372
MDA,1999,NY.GDP.PCAP.CD,399.499818596336
MDA,1998,NY.GDP.PCAP.CD,578.734627562193
MDA,1997,NY.GDP.PCAP.CD,657.29213459795
MDA,1996,NY.GDP.PCAP.CD,575.145455139019
MDA,1995,NY.GDP.PCAP.CD,593.593177049161
MDA,1994,NY.GDP.PCAP.CD,573.798647201304
MDA,1993,NY.GDP.PCAP.CD,796.989388848336
MDA,1992,NY.GDP.PCAP.CD,778.017667420102
MDA,1991,NY.GDP.PCAP.CD,1037.89950336245
MDA,1990,NY.GDP.PCAP.CD,1206.50208704977
POL,2021,NY.GDP.PCAP.CD,18635.5104895754
POL,2020,NY.GDP.PCAP.CD,16150.9304813473
POL,2019,NY.GDP.PCAP.CD,15874.5220531254
POL,2018,NY.GDP.PCAP.CD,15658.210586693
POL,2017,NY.GDP.PCAP.CD,13913.3415190124
POL,2016,NY.GDP.PCAP.CD,12464.0121044827
POL,2015,NY.GDP.PCAP.CD,12637.5220324406
POL,2014,NY.GDP.PCAP.CD,14262.2841914116
POL,2013,NY.GDP.PCAP.CD,13621.9023794031
POL,2012,NY.GDP.PCAP.CD,13087.420943321
POL,2011,NY.GDP.PCAP.CD,13867.6669408192
POL,2010,NY.GDP.PCAP.CD,12567.7317676382
POL,2009,NY.GDP.PCAP.CD,11556.3026866026
POL,2008,NY.GDP.PCAP.CD,14048.5604672654
POL,2007,NY.GDP.PCAP.CD,11272.5293683383
POL,2006,NY.GDP.PCAP.CD,9068.85528307627
POL,2005,NY.GDP.PCAP.CD,8043.92332253757
POL,2004,NY.GDP.PCAP.CD,6711.72715262967
POL,2003,NY.GDP.PCAP.CD,5720.81366178104
POL,2002,NY.GDP.PCAP.CD,5223.45178967082
POL,2001,NY.GDP.PCAP.CD,5015.23790036613
POL,2000,NY.GDP.PCAP.CD,4520.64100449111
POL,1999,NY.GDP.PCAP.CD,4415.50067547826
POL,1998,NY.GDP.PCAP.CD,4533.5356551781
POL,1997,NY.GDP.PCAP.CD,4137.00831823145
POL,1996,NY.GDP.PCAP.CD,4163.51195431959
POL,1995,NY.GDP.PCAP.CD,3700.95956775144
POL,1994,NY.GDP.PCAP.CD,2874.83163555069
POL,1993,NY.GDP.PCAP.CD,2497.13055936127
POL,1992,NY.GDP.PCAP.CD,2459.02068468253
POL,1991,NY.GDP.PCAP.CD,2235.54108862522
POL,1990,NY.GDP.PCAP.CD,1731.2095094382
ROU,2021,NY.GDP.PCAP.CD,14908.0412813921
ROU,2020,NY.GDP.PCAP.CD,13009.1525348396
ROU,2019,NY.GDP.PCAP.CD,12909.6104013244
ROU,2018,NY.GDP.PCAP.CD,12416.134317959
ROU,2017,NY.GDP.PCAP.CD,10727.9822007426
ROU,2016,NY.GDP.PCAP.CD,9404.54005870715
ROU,2015,NY.GDP.PCAP.CD,8977.01748158196
ROU,2014,NY.GDP.PCAP.CD,10031.7710755404
ROU,2013,NY.GDP.PCAP.CD,9497.67411615237
ROU,2012,NY.GDP.PCAP.CD,8929.95366231474
ROU,2011,NY.GDP.PCAP.CD,9560.6755277458
ROU,2010,NY.GDP.PCAP.CD,8399.5374234284
ROU,2009,NY.GDP.PCAP.CD,8548.4543409242
ROU,2008,NY.GDP.PCAP.CD,10435.1561230787
ROU,2007,NY.GDP.PCAP.CD,8360.33775916596
ROU,2006,NY.GDP.PCAP.CD,5757.53127301178
ROU,2005,NY.GDP.PCAP.CD,4618.00350802913
ROU,2004,NY.GDP.PCAP.CD,3494.99056448955
ROU,2003,NY.GDP.PCAP.CD,2679.40626016154
ROU,2002,NY.GDP.PCAP.CD,2119.85509684554
ROU,2001,NY.GDP.PCAP.CD,1825.19299373184
ROU,2000,NY.GDP.PCAP.CD,1659.92904910528
ROU,1999,NY.GDP.PCAP.CD,1599.90622808339
ROU,1998,NY.GDP.PCAP.CD,1852.5549693339
ROU,1997,NY.GDP.PCAP.CD,1577.33656023974
ROU,1996,NY.GDP.PCAP.CD,1633.01064354117
ROU,1995,NY.GDP.PCAP.CD,1650.04922365201
ROU,1994,NY.GDP.PCAP.CD,1323.03237766927
ROU,1993,NY.GDP.PCAP.CD,1158.05632799712
ROU,1992,NY.GDP.PCAP.CD,1102.10378473246
ROU,1991,NY.GDP.PCAP.CD,1254.3124421298
ROU,1990,NY.GDP.PCAP.CD,1648.48522974542
SVK,2021,NY.GDP.PCAP.CD,22123.3342114545
SVK,2020,NY.GDP.PCAP.CD,19735.4858280801
SVK,2019,NY.GDP.PCAP.CD,19406.0589683582
SVK,2018,NY.GDP.PCAP.CD,19573.3717031314
SVK,2017,NY.GDP.PCAP.CD,17645.5298716761
SVK,2016,NY.GDP.PCAP.CD,16636.0769133073
SVK,2015,NY.GDP.PCAP.CD,16442.0760860018
SVK,2014,NY.GDP.PCAP.CD,18770.9289896545
SVK,2013,NY.GDP.PCAP.CD,18312.7805149823
SVK,2012,NY.GDP.PCAP.CD,17516.9691054078
SVK,2011,NY.GDP.PCAP.CD,18469.4354316836
SVK,2010,NY.GDP.PCAP.CD,16899.448680529
SVK,2009,NY.GDP.PCAP.CD,16586.7527805228
SVK,2008,NY.GDP.PCAP.CD,17973.8436435514
SVK,2007,NY.GDP.PCAP.CD,14330.2064943926
SVK,2006,NY.GDP.PCAP.CD,10629.1782325838
SVK,2005,NY.GDP.PCAP.CD,9087.20357002472
SVK,2004,NY.GDP.PCAP.CD,7996.74076556872
SVK,2003,NY.GDP.PCAP.CD,6283.15169311309
SVK,2002,NY.GDP.PCAP.CD,4606.38793538107
SVK,2001,NY.GDP.PCAP.CD,3974.36802854653
SVK,2000,NY.GDP.PCAP.CD,3827.72506501314
SVK,1999,NY.GDP.PCAP.CD,3857.18012283382
SVK,1998,NY.GDP.PCAP.CD,4250.37387978468
SVK,1997,NY.GDP.PCAP.CD,4091.68452874888
SVK,1996,NY.GDP.PCAP.CD,4069.11897669644
SVK,1995,NY.GDP.PCAP.CD,3787.03820237267
SVK,1994,NY.GDP.PCAP.CD,3027.82138293263
SVK,1993,NY.GDP.PCAP.CD,2627.44823950706
SVK,1992,NY.GDP.PCAP.CD,2437.87630211282
SVK,1991,NY.GDP.PCAP.CD,2253.87911882661
SVK,1990,NY.GDP.PCAP.CD,3221.04590790625
UKR,2021,NY.GDP.PCAP.CD,4775.94580078125
UKR,2020,NY.GDP.PCAP.CD,3709.76928710938
UKR,2019,NY.GDP.PCAP.CD,3619.86157226563
UKR,2018,NY.GDP.PCAP.CD,3059.0517578125
UKR,2017,NY.GDP.PCAP.CD,2604.28759765625
UKR,2016,NY.GDP.PCAP.CD,2158.46118164063
UKR,2015,NY.GDP.PCAP.CD,2094.47387695313
UKR,2014,NY.GDP.PCAP.CD,3054.908203125
UKR,2013,NY.GDP.PCAP.CD,4129.89697265625
UKR,2012,NY.GDP.PCAP.CD,3951.34228515625
UKR,2011,NY.GDP.PCAP.CD,3656.69799804688
UKR,2010,NY.GDP.PCAP.CD,3039.63232421875
UKR,2009,NY.GDP.PCAP.CD,2607.08764648438
UKR,2008,NY.GDP.PCAP.CD,4017.806640625
UKR,2007,NY.GDP.PCAP.CD,3160.32763671875
UKR,2006,NY.GDP.PCAP.CD,2366.494140625
UKR,2005,NY.GDP.PCAP.CD,1875.33508300781
UKR,2004,NY.GDP.PCAP.CD,1401.01806640625
UKR,2003,NY.GDP.PCAP.CD,1076.48156738281
UKR,2002,NY.GDP.PCAP.CD,903.011901855469
UKR,2001,NY.GDP.PCAP.CD,800.49072265625
UKR,2000,NY.GDP.PCAP.CD,653.294311523438
UKR,1999,NY.GDP.PCAP.CD,631.910461425781
UKR,1998,NY.GDP.PCAP.CD,831.336791992188
UKR,1997,NY.GDP.PCAP.CD,987.489807128906
UKR,1996,NY.GDP.PCAP.CD,869.846069335938
UKR,1995,NY.GDP.PCAP.CD,933.191772460938
UKR,1994,NY.GDP.PCAP.CD,1009.09405517578
UKR,1993,NY.GDP.PCAP.CD,1254.02868652344
UKR,1992,NY.GDP.PCAP.CD,1413.24011230469
UKR,1991,NY.GDP.PCAP.CD,1482.6396484375
UKR,1990,NY.GDP.PCAP.CD,1563.63415527344
CZE,2021,NE.GDI.FTOT.ZS,26.2369575229222
CZE,2020,NE.GDI.FTOT.ZS,25.5353602874792
CZE,2019,NE.GDI.FTOT.ZS,25.7720455320028
CZE,2018,NE.GDI.FTOT.ZS,24.8456610600914
CZE,2017,NE.GDI.FTOT.ZS,23.7274064051355
CZE,2016,NE.GDI.FTOT.ZS,24.3093476604522
CZE,2015,NE.GDI.FTOT.ZS,25.6764620589865
CZE,2014,NE.GDI.FTOT.ZS,24.7408229025596
CZE,2013,NE.GDI.FTOT.ZS,24.7753723844816
CZE,2012,NE.GDI.FTOT.ZS,25.3751105408769
CZE,2011,NE.GDI.FTOT.ZS,26.098348006461
CZE,2010,NE.GDI.FTOT.ZS,26.5219620764145
CZE,2009,NE.GDI.FTOT.ZS,27.1841500644404
CZE,2008,NE.GDI.FTOT.ZS,28.9056718357901
CZE,2007,NE.GDI.FTOT.ZS,29.6665559482128
CZE,2006,NE.GDI.FTOT.ZS,28.1510781666578
CZE,2005,NE.GDI.FTOT.ZS,28.5248592592412
CZE,2004,NE.GDI.FTOT.ZS,28.5804641980298
CZE,2003,NE.GDI.FTOT.ZS,29.2515839879825
CZE,2002,NE.GDI.FTOT.ZS,29.6344638830734
CZE,2001,NE.GDI.FTOT.ZS,31.0000794883727
CZE,2000,NE.GDI.FTOT.ZS,31.1058465641539
CZE,1999,NE.GDI.FTOT.ZS,30.0159001444465
CZE,1998,NE.GDI.FTOT.ZS,30.8398236143565
CZE,1997,NE.GDI.FTOT.ZS,32.3173712169401
CZE,1996,NE.GDI.FTOT.ZS,34.1632093780358
CZE,1995,NE.GDI.FTOT.ZS,33.4816504944355
CZE,1994,NE.GDI.FTOT.ZS,29.1517548606901
CZE,1993,NE.GDI.FTOT.ZS,27.6669550715873
CZE,1992,NE.GDI.FTOT.ZS,27.2068845291385
CZE,1991,NE.GDI.FTOT.ZS,23.4782258614546
CZE,1990,NE.GDI.FTOT.ZS,24.6553051053143
EST,2021,NE.GDI.FTOT.ZS,29.9821389244433
EST,2020,NE.GDI.FTOT.ZS,31.1753648845812
EST,2019,NE.GDI.FTOT.ZS,26.6153386918257
EST,2018,NE.GDI.FTOT.ZS,26.5760517476199
EST,2017,NE.GDI.FTOT.ZS,25.4039470690204
EST,2016,NE.GDI.FTOT.ZS,23.9449043102923
EST,2015,NE.GDI.FTOT.ZS,24.0517427038414
EST,2014,NE.GDI.FTOT.ZS,25.3427695160167
EST,2013,NE.GDI.FTOT.ZS,27.5327683520592
EST,2012,NE.GDI.FTOT.ZS,28.4404236317146
EST,2011,NE.GDI.FTOT.ZS,26.3556426267409
EST,2010,NE.GDI.FTOT.ZS,21.2332633688528
EST,2009,NE.GDI.FTOT.ZS,22.6771447061682
EST,2008,NE.GDI.FTOT.ZS,31.129010654241
EST,2007,NE.GDI.FTOT.ZS,36.3905723897513
EST,2006,NE.GDI.FTOT.ZS,36.7942378998764
EST,2005,NE.GDI.FTOT.ZS,32.8564369726627
EST,2004,NE.GDI.FTOT.ZS,31.7144972621122
EST,2003,NE.GDI.FTOT.ZS,32.7509545585868
EST,2002,NE.GDI.FTOT.ZS,30.5528178409929
EST,2001,NE.GDI.FTOT.ZS,27.4503342036995
EST,2000,NE.GDI.FTOT.ZS,26.6871960393056
EST,1999,NE.GDI.FTOT.ZS,25.9049931087952
EST,1998,NE.GDI.FTOT.ZS,31.3368027133393
EST,1997,NE.GDI.FTOT.ZS,28.5961825514181
EST,1996,NE.GDI.FTOT.ZS,27.0301388326535
EST,1995,NE.GDI.FTOT.ZS,26.5046102966203
EST,1994,NE.GDI.FTOT.ZS,27.0528199746425
EST,1993,NE.GDI.FTOT.ZS,24.3601362525639
EST,1992,NE.GDI.FTOT.ZS,
EST,1991,NE.GDI.FTOT.ZS,
EST,1990,NE.GDI.FTOT.ZS,
LTU,2021,NE.GDI.FTOT.ZS,22.4742445761328
LTU,2020,NE.GDI.FTOT.ZS,21.4337157753964
LTU,2019,NE.GDI.FTOT.ZS,21.2003099235928
LTU,2018,NE.GDI.FTOT.ZS,20.6920891397458
LTU,2017,NE.GDI.FTOT.ZS,20.1373563967598
LTU,2016,NE.GDI.FTOT.ZS,19.9190169078885
LTU,2015,NE.GDI.FTOT.ZS,19.5972464627678
LTU,2014,NE.GDI.FTOT.ZS,19.107534609394
LTU,2013,NE.GDI.FTOT.ZS,18.6706513704311
LTU,2012,NE.GDI.FTOT.ZS,17.5779128736327
LTU,2011,NE.GDI.FTOT.ZS,18.7988664422637
LTU,2010,NE.GDI.FTOT.ZS,17.0850047033206
LTU,2009,NE.GDI.FTOT.ZS,17.8342694449584
LTU,2008,NE.GDI.FTOT.ZS,26.0480830824595
LTU,2007,NE.GDI.FTOT.ZS,28.5825367058501
LTU,2006,NE.GDI.FTOT.ZS,26.0125275452576
LTU,2005,NE.GDI.FTOT.ZS,23.4031526577558
LTU,2004,NE.GDI.FTOT.ZS,22.8037215070817
LTU,2003,NE.GDI.FTOT.ZS,21.5317486962314
LTU,2002,NE.GDI.FTOT.ZS,20.6880451379643
LTU,2001,NE.GDI.FTOT.ZS,20.5013949501313
LTU,2000,NE.GDI.FTOT.ZS,19.106143781843
LTU,1999,NE.GDI.FTOT.ZS,21.8521151611492
LTU,1998,NE.GDI.FTOT.ZS,23.7805132609305
LTU,1997,NE.GDI.FTOT.ZS,22.2643437239043
LTU,1996,NE.GDI.FTOT.ZS,20.4664976175958
LTU,1995,NE.GDI.FTOT.ZS,20.2351107729266
LTU,1994,NE.GDI.FTOT.ZS,
LTU,1993,NE.GDI.FTOT.ZS,
LTU,1992,NE.GDI.FTOT.ZS,
LTU,1991,NE.GDI.FTOT.ZS,
LTU,1990,NE.GDI.FTOT.ZS,
LVA,2021,NE.GDI.FTOT.ZS,22.9289576043746
LVA,2020,NE.GDI.FTOT.ZS,23.0296116182607
LVA,2019,NE.GDI.FTOT.ZS,22.7240395466554
LVA,2018,NE.GDI.FTOT.ZS,22.9037634935095
LVA,2017,NE.GDI.FTOT.ZS,21.5265612714824
LVA,2016,NE.GDI.FTOT.ZS,20.1698787836187
LVA,2015,NE.GDI.FTOT.ZS,22.3075948914481
LVA,2014,NE.GDI.FTOT.ZS,23.6442193799567
LVA,2013,NE.GDI.FTOT.ZS,24.9648880386504
LVA,2012,NE.GDI.FTOT.ZS,27.0115757309662
LVA,2011,NE.GDI.FTOT.ZS,23.7249741856312
LVA,2010,NE.GDI.FTOT.ZS,19.5198322313546
LVA,2009,NE.GDI.FTOT.ZS,22.9165263311155
LVA,2008,NE.GDI.FTOT.ZS,33.4181287502584
LVA,2007,NE.GDI.FTOT.ZS,38.113521636451
LVA,2006,NE.GDI.FTOT.ZS,35.3212529611428
LVA,2005,NE.GDI.FTOT.ZS,32.0297241247039
LVA,2004,NE.GDI.FTOT.ZS,29.4387765998433
LVA,2003,NE.GDI.FTOT.ZS,25.3765187818879
LVA,2002,NE.GDI.FTOT.ZS,24.3012953068221
LVA,2001,NE.GDI.FTOT.ZS,27.1694812879386
LVA,2000,NE.GDI.FTOT.ZS,25.1981759822131
LVA,1999,NE.GDI.FTOT.ZS,22.9011615541372
LVA,1998,NE.GDI.FTOT.ZS,24.0444782862804
LVA,1997,NE.GDI.FTOT.ZS,17.5665492549178
LVA,1996,NE.GDI.FTOT.ZS,18.135660092583
LVA,1995,NE.GDI.FTOT.ZS,14.1892283640129
LVA,1994,NE.GDI.FTOT.ZS,
LVA,1993,NE.GDI.FTOT.ZS,
LVA,1992,NE.GDI.FTOT.ZS,
LVA,1991,NE.GDI.FTOT.ZS,
LVA,1990,NE.GDI.FTOT.ZS,
MDA,2021,NE.GDI.FTOT.ZS,24.0883884467141
MDA,2020,NE.GDI.FTOT.ZS,24.9383609100281
MDA,2019,NE.GDI.FTOT.ZS,23.3938698713556
MDA,2018,NE.GDI.FTOT.ZS,23.3442713297151
MDA,2017,NE.GDI.FTOT.ZS,22.4256047290186
MDA,2016,NE.GDI.FTOT.ZS,22.2296027518614
MDA,2015,NE.GDI.FTOT.ZS,24.028054718844
MDA,2014,NE.GDI.FTOT.ZS,25.9895514253881
MDA,2013,NE.GDI.FTOT.ZS,23.0338604258084
MDA,2012,NE.GDI.FTOT.ZS,23.6339113929057
MDA,2011,NE.GDI.FTOT.ZS,23.1620459782063
MDA,2010,NE.GDI.FTOT.ZS,22.5242792157291
MDA,2009,NE.GDI.FTOT.ZS,22.5963867530728
MDA,2008,NE.GDI.FTOT.ZS,33.9966625345666
MDA,2007,NE.GDI.FTOT.ZS,34.103911660116
MDA,2006,NE.GDI.FTOT.ZS,28.3583478571748
MDA,2005,NE.GDI.FTOT.ZS,24.5881546796983
MDA,2004,NE.GDI.FTOT.ZS,21.1877122877123
MDA,2003,NE.GDI.FTOT.ZS,18.5643035591441
MDA,2002,NE.GDI.FTOT.ZS,16.3229481228335
MDA,2001,NE.GDI.FTOT.ZS,16.7438774343122
MDA,2000,NE.GDI.FTOT.ZS,15.4340587923837
MDA,1999,NE.GDI.FTOT.ZS,18.4388267908415
MDA,1998,NE.GDI.FTOT.ZS,22.0515904593596
MDA,1997,NE.GDI.FTOT.ZS,19.8970390743498
MDA,1996,NE.GDI.FTOT.ZS,19.7484034112201
MDA,1995,NE.GDI.FTOT.ZS,15.9542665070917
MDA,1994,NE.GDI.FTOT.ZS,
MDA,1993,NE.GDI.FTOT.ZS,
MDA,1992,NE.GDI.FTOT.ZS,
MDA,1991,NE.GDI.FTOT.ZS,
MDA,1990,NE.GDI.FTOT.ZS,
POL,2021,NE.GDI.FTOT.ZS,16.9279336078133
POL,2020,NE.GDI.FTOT.ZS,18.3974922436708
POL,2019,NE.GDI.FTOT.ZS,19.1456176918134
POL,2018,NE.GDI.FTOT.ZS,18.7557477298941
POL,2017,NE.GDI.FTOT.ZS,17.4740439375091
POL,2016,NE.GDI.FTOT.ZS,18.3470170850393
POL,2015,NE.GDI.FTOT.ZS,20.2410635932191
POL,2014,NE.GDI.FTOT.ZS,19.9847969664101
POL,2013,NE.GDI.FTOT.ZS,18.8010145515116
POL,2012,NE.GDI.FTOT.ZS,19.4237357928102
POL,2011,NE.GDI.FTOT.ZS,20.3980983864419
POL,2010,NE.GDI.FTOT.ZS,19.610376998578
POL,2009,NE.GDI.FTOT.ZS,21.6390287021933
POL,2008,NE.GDI.FTOT.ZS,23.2187374798418
POL,2007,NE.GDI.FTOT.ZS,22.6927183608956
POL,2006,NE.GDI.FTOT.ZS,20.6873646209386
POL,2005,NE.GDI.FTOT.ZS,19.1151050092974
POL,2004,NE.GDI.FTOT.ZS,18.5995674990585
POL,2003,NE.GDI.FTOT.ZS,18.2509197048003
POL,2002,NE.GDI.FTOT.ZS,18.5432520005891
POL,2001,NE.GDI.FTOT.ZS,20.5657674406759
POL,2000,NE.GDI.FTOT.ZS,23.8127420447032
POL,1999,NE.GDI.FTOT.ZS,24.3244640085765
POL,1998,NE.GDI.FTOT.ZS,24.0035720382944
POL,1997,NE.GDI.FTOT.ZS,22.2441969794351
POL,1996,NE.GDI.FTOT.ZS,19.5780131375009
POL,1995,NE.GDI.FTOT.ZS,17.6302972738112
POL,1994,NE.GDI.FTOT.ZS,
POL,1993,NE.GDI.FTOT.ZS,
POL,1992,NE.GDI.FTOT.ZS,
POL,1991,NE.GDI.FTOT.ZS,
POL,1990,NE.GDI.FTOT.ZS,
ROU,2021,NE.GDI.FTOT.ZS,24.5030039238951
ROU,2020,NE.GDI.FTOT.ZS,23.4616307778484
ROU,2019,NE.GDI.FTOT.ZS,23.2590450793581
ROU,2018,NE.GDI.FTOT.ZS,21.2109721093098
ROU,2017,NE.GDI.FTOT.ZS,22.8776875524148
ROU,2016,NE.GDI.FTOT.ZS,23.0378667704786
ROU,2015,NE.GDI.FTOT.ZS,24.9221877637539
ROU,2014,NE.GDI.FTOT.ZS,24.6126580007624
ROU,2013,NE.GDI.FTOT.ZS,24.4051301861521
ROU,2012,NE.GDI.FTOT.ZS,27.0083434921936
ROU,2011,NE.GDI.FTOT.ZS,26.7682443996015
ROU,2010,NE.GDI.FTOT.ZS,25.6712631661725
ROU,2009,NE.GDI.FTOT.ZS,26.0040880012718
ROU,2008,NE.GDI.FTOT.ZS,37.2870677770874
ROU,2007,NE.GDI.FTOT.ZS,35.3425758725047
ROU,2006,NE.GDI.FTOT.ZS,26.6161477360716
ROU,2005,NE.GDI.FTOT.ZS,23.3629492100554
ROU,2004,NE.GDI.FTOT.ZS,22.2953038620972
ROU,2003,NE.GDI.FTOT.ZS,22.7401238865013
ROU,2002,NE.GDI.FTOT.ZS,21.4637013492348
ROU,2001,NE.GDI.FTOT.ZS,21.0397013750581
ROU,2000,NE.GDI.FTOT.ZS,19.1198309450237
ROU,1999,NE.GDI.FTOT.ZS,18.0481584141174
ROU,1998,NE.GDI.FTOT.ZS,18.8114905816898
ROU,1997,NE.GDI.FTOT.ZS,21.8356006447034
ROU,1996,NE.GDI.FTOT.ZS,22.9027810708045
ROU,1995,NE.GDI.FTOT.ZS,21.1612750637269
ROU,1994,NE.GDI.FTOT.ZS,20.2834059349892
ROU,1993,NE.GDI.FTOT.ZS,17.8864831950808
ROU,1992,NE.GDI.FTOT.ZS,19.1866250912227
ROU,1991,NE.GDI.FTOT.ZS,14.3835927219928
ROU,1990,NE.GDI.FTOT.ZS,19.7925166103275
SVK,2021,NE.GDI.FTOT.ZS,19.5981995330742
SVK,2020,NE.GDI.FTOT.ZS,19.7809655184171
SVK,2019,NE.GDI.FTOT.ZS,21.6812781607176
SVK,2018,NE.GDI.FTOT.ZS,21.3447569716069
SVK,2017,NE.GDI.FTOT.ZS,21.2735243502353
SVK,2016,NE.GDI.FTOT.ZS,21.6601191942233
SVK,2015,NE.GDI.FTOT.ZS,24.3202564656274
SVK,2014,NE.GDI.FTOT.ZS,21.1761310723424
SVK,2013,NE.GDI.FTOT.ZS,21.1910610755073
SVK,2012,NE.GDI.FTOT.ZS,21.0504458662276
SVK,2011,NE.GDI.FTOT.ZS,23.9414977059811
SVK,2010,NE.GDI.FTOT.ZS,21.8497529970948
SVK,2009,NE.GDI.FTOT.ZS,21.699930377173
SVK,2008,NE.GDI.FTOT.ZS,25.6301340300419
SVK,2007,NE.GDI.FTOT.ZS,26.2297796014925
SVK,2006,NE.GDI.FTOT.ZS,26.3756839954384
SVK,2005,NE.GDI.FTOT.ZS,27.0979138790485
SVK,2004,NE.GDI.FTOT.ZS,24.721622234297
SVK,2003,NE.GDI.FTOT.ZS,25.3106835058969
SVK,2002,NE.GDI.FTOT.ZS,28.4571029898706
SVK,2001,NE.GDI.FTOT.ZS,29.7492996540798
SVK,2000,NE.GDI.FTOT.ZS,26.9076819797917
SVK,1999,NE.GDI.FTOT.ZS,31.4454436087114
SVK,1998,NE.GDI.FTOT.ZS,37.4903361475626
SVK,1997,NE.GDI.FTOT.ZS,35.7095364907817
SVK,1996,NE.GDI.FTOT.ZS,33.5259973488921
SVK,1995,NE.GDI.FTOT.ZS,26.5113642258876
SVK,1994,NE.GDI.FTOT.ZS,28.1790818089842
SVK,1993,NE.GDI.FTOT.ZS,31.7773948451887
SVK,1992,NE.GDI.FTOT.ZS,33.1565657189997
SVK,1991,NE.GDI.FTOT.ZS,28.4297455515617
SVK,1990,NE.GDI.FTOT.ZS,31.4500814057091
UKR,2021,NE.GDI.FTOT.ZS,13.2047503058698
UKR,2020,NE.GDI.FTOT.ZS,13.3659764293256
UKR,2019,NE.GDI.FTOT.ZS,17.6158441194027
UKR,2018,NE.GDI.FTOT.ZS,17.6472670015072
UKR,2017,NE.GDI.FTOT.ZS,15.7762894271386
UKR,2016,NE.GDI.FTOT.ZS,15.4563637377393
UKR,2015,NE.GDI.FTOT.ZS,13.5487069936597
UKR,2014,NE.GDI.FTOT.ZS,14.1360438334756
UKR,2013,NE.GDI.FTOT.ZS,17.3158498598174
UKR,2012,NE.GDI.FTOT.ZS,19.4035210842878
UKR,2011,NE.GDI.FTOT.ZS,18.3513220642495
UKR,2010,NE.GDI.FTOT.ZS,18.016214744977
UKR,2009,NE.GDI.FTOT.ZS,18.3174558256128
UKR,2008,NE.GDI.FTOT.ZS,25.9064470907401
UKR,2007,NE.GDI.FTOT.ZS,27.1194744816311
UKR,2006,NE.GDI.FTOT.ZS,24.3894884764733
UKR,2005,NE.GDI.FTOT.ZS,21.8700049199147
UKR,2004,NE.GDI.FTOT.ZS,22.424372944309
UKR,2003,NE.GDI.FTOT.ZS,20.5812045933911
UKR,2002,NE.GDI.FTOT.ZS,19.2061946373506
UKR,2001,NE.GDI.FTOT.ZS,19.7703326624837
UKR,2000,NE.GDI.FTOT.ZS,19.7447311046512
UKR,1999,NE.GDI.FTOT.ZS,19.2660337927968
UKR,1998,NE.GDI.FTOT.ZS,19.5880810581619
UKR,1997,NE.GDI.FTOT.ZS,19.8329140470198
UKR,1996,NE.GDI.FTOT.ZS,20.7203226241735
UKR,1995,NE.GDI.FTOT.ZS,23.2802153919865
UKR,1994,NE.GDI.FTOT.ZS,23.5349149213844
UKR,1993,NE.GDI.FTOT.ZS,24.2910037565841
UKR,1992,NE.GDI.FTOT.ZS,27.1368964832108
UKR,1991,NE.GDI.FTOT.ZS,20.066889632107
UKR,1990,NE.GDI.FTOT.ZS,
