date,close,index
20230515,16990,100.0
20230516,17426,102.56621542083579
20230517,17426,102.56621542083579
20230518,17610,103.64920541494998
20230519,19304,113.61977633902296
20230522,25091,147.68098881695116
20230523,32605,191.9070041200706
20230524,35473,208.78752207180696
20230525,36144,212.73690406121247
20230526,34467,202.86639199529134
20230530,31867,187.56327251324308
20230531,34299,201.87757504414364
20230601,33796,198.91701000588583
20230602,36563,215.20306062389642
20230605,36815,216.686286050618
20230607,38576,227.051206592113
20230608,37402,220.14125956444968
20230609,40002,235.44437904649794
20230612,45453,267.52795762213066
20230613,45872,269.9941141848146
20230614,46291,272.4602707474985
20230615,44446,261.60094173042967
20230616,49059,288.75220718069454
20230619,63734,375.12654502648616
20230620,63902,376.1153619776339
20230621,67592,397.83402001177166
20230622,66250,389.9352560329606
20230623,63734,375.12654502648616
20230626,57696,339.5879929370218
20230627,58283,343.04296645085344
20230628,53168,312.9370217775162
20230629,53923,317.38081224249555
20230630,51826,305.0382577987051
20230703,58032,341.56562683931725
20230704,61219,360.32371983519715
20230705,58870,346.49793996468514
20230706,59206,348.47557386698054
20230707,65579,385.98587404355504
20230710,82855,487.66921718658034
20230711,79333,466.9393761035903
20230712,81765,481.2536786344909
20230713,81765,481.2536786344909
20230714,80423,473.3549146556798
20230717,84029,494.5791642142437
20230718,78913,464.467333725721
20230719,78578,462.495585638611
20230720,74636,439.29370217775164
20230721,74385,437.8163625662154
20230724,72037,423.99646851088875
20230725,71534,421.03590347263093
20230726,62728,369.2054149499706
20230727,59122,347.9811653914067
20230728,60799,357.85167745732787
20230731,63231,372.1659799882284
