code,date,open,high,low,close,volume,provider
317850,20230515,12230,12500,12230,12420,117871,Naver Finance; adjustment not independently certified
317850,20230516,12340,12900,12340,12840,533839,Naver Finance; adjustment not independently certified
317850,20230517,13200,13370,12500,12810,1003359,Naver Finance; adjustment not independently certified
317850,20230518,12780,13290,12770,12990,967292,Naver Finance; adjustment not independently certified
317850,20230519,14260,16700,13600,15690,20060189,Naver Finance; adjustment not independently certified
317850,20230522,16200,18260,15840,16570,17710609,Naver Finance; adjustment not independently certified
317850,20230523,16400,16550,15760,15800,2819468,Naver Finance; adjustment not independently certified
317850,20230524,15630,15870,14970,15000,1679346,Naver Finance; adjustment not independently certified
317850,20230525,14950,15150,14610,14700,1027994,Naver Finance; adjustment not independently certified
317850,20230526,14900,15270,14050,14100,1491129,Naver Finance; adjustment not independently certified
317850,20230530,14050,14310,13830,14090,612839,Naver Finance; adjustment not independently certified
317850,20230531,13970,14350,13920,14090,451753,Naver Finance; adjustment not independently certified
317850,20230601,14110,14400,14020,14340,396162,Naver Finance; adjustment not independently certified
317850,20230602,14390,14520,14220,14350,415028,Naver Finance; adjustment not independently certified
317850,20230605,14340,14650,14270,14450,488421,Naver Finance; adjustment not independently certified
317850,20230607,14430,14430,13970,13970,403485,Naver Finance; adjustment not independently certified
317850,20230608,13970,14650,13900,14490,794900,Naver Finance; adjustment not independently certified
317850,20230609,14470,14550,14200,14300,306386,Naver Finance; adjustment not independently certified
317850,20230612,14370,14800,14220,14610,535332,Naver Finance; adjustment not independently certified
317850,20230613,14770,14930,14450,14460,625478,Naver Finance; adjustment not independently certified
317850,20230614,14500,14620,13640,13760,546185,Naver Finance; adjustment not independently certified
317850,20230615,13820,14260,13660,14240,326479,Naver Finance; adjustment not independently certified
317850,20230616,14240,14840,14150,14830,807731,Naver Finance; adjustment not independently certified
317850,20230619,14860,15790,14450,15270,2984097,Naver Finance; adjustment not independently certified
317850,20230620,15380,15460,14230,14320,943317,Naver Finance; adjustment not independently certified
317850,20230621,14390,14400,13790,13790,409816,Naver Finance; adjustment not independently certified
317850,20230622,13660,14770,13600,13990,821349,Naver Finance; adjustment not independently certified
317850,20230623,13990,14100,13650,13650,225710,Naver Finance; adjustment not independently certified
317850,20230626,14000,14370,13740,13850,478189,Naver Finance; adjustment not independently certified
317850,20230627,13770,14150,13650,13850,202827,Naver Finance; adjustment not independently certified
317850,20230628,14050,14410,13890,14160,391199,Naver Finance; adjustment not independently certified
317850,20230629,14150,14310,13920,13920,209613,Naver Finance; adjustment not independently certified
317850,20230630,13810,14080,13810,13980,122344,Naver Finance; adjustment not independently certified
317850,20230703,13980,14410,13980,14230,229042,Naver Finance; adjustment not independently certified
317850,20230704,14240,14450,14070,14240,250530,Naver Finance; adjustment not independently certified
317850,20230705,14310,14330,13610,13650,305197,Naver Finance; adjustment not independently certified
317850,20230706,13600,13850,12790,13740,459067,Naver Finance; adjustment not independently certified
317850,20230707,13500,14180,13050,13910,548322,Naver Finance; adjustment not independently certified
317850,20230710,13790,14600,13620,14180,1105103,Naver Finance; adjustment not independently certified
317850,20230711,14380,14510,13870,14030,385085,Naver Finance; adjustment not independently certified
317850,20230712,14100,14650,13960,14020,553277,Naver Finance; adjustment not independently certified
317850,20230713,14100,14150,13640,13700,280646,Naver Finance; adjustment not independently certified
317850,20230714,13850,13910,13220,13270,267358,Naver Finance; adjustment not independently certified
317850,20230717,13870,14400,13430,13500,1006440,Naver Finance; adjustment not independently certified
317850,20230718,13350,13440,12960,13030,255226,Naver Finance; adjustment not independently certified
317850,20230719,13090,13210,12500,12710,204288,Naver Finance; adjustment not independently certified
317850,20230720,12560,12670,12400,12550,139460,Naver Finance; adjustment not independently certified
317850,20230721,12400,12610,12340,12410,119330,Naver Finance; adjustment not independently certified
317850,20230724,12400,12510,12110,12150,152113,Naver Finance; adjustment not independently certified
317850,20230725,12010,12450,11900,12180,192325,Naver Finance; adjustment not independently certified
317850,20230726,12010,12070,10750,11110,391920,Naver Finance; adjustment not independently certified
317850,20230727,10930,11470,10930,11100,131492,Naver Finance; adjustment not independently certified
317850,20230728,10930,11500,10910,11340,97837,Naver Finance; adjustment not independently certified
317850,20230731,11520,11740,11340,11740,70745,Naver Finance; adjustment not independently certified
