Defiance Ukraine Reconstruction UCITS ETF (IE000R8PO127) As Of:08-10-2026,,,,,,,,
,,,,,,,,
,,,,,,,,
Security Description,Shares,Market Value (Base),Trading Currency,SEDOL/CUSIP,Exposure Country,Region,ISIN,Weight
,,,,,,,,
EMERSON ELECTRIC CO,6245,886268.47,USD,291011104,United States,North America,US2910111044,0.0476
SIEMENS ENERGY AG COMMON,6025,858562.5,EUR,BMTVQK9,Germany,Europe,DE000ENER6Y0,0.0461
JOHNSON CONTROLS,6137,845303.71,USD,G51502105,United States,North America,IE00BY7QL619,0.0454
BLOOM ENERGY CORP COMMON,3434,835888.54,USD,093712107,United States,North America,US0937121079,0.0449
BAE SYSTEMS PLC,37978,823075.81,GBP,0263494,United Kingdom,Europe,GB0002634946,0.0442
EATON CORP PLC COMMON,2159,817734.73,USD,G29183103,United States,North America,IE00B8KQN827,0.044
SCHNEIDER ELECTRIC SE,2837,740740.7,EUR,4834108,France,Europe,FR0000121972,0.0398
ABB LTD COMMON STOCK CHF,8737,737553.69,CHF,7108899,Switzerland,Europe,CH0012221716,0.0396
CATERPILLAR INC COMMON,977,694029.14,USD,149123101,United States,North America,US1491231015,0.0373
VINCI SA COMMON STOCK EUR,6460,690897,EUR,B1XH026,France,Europe,FR0000125486,0.0371
AMETEK INC COMMON STOCK,2940,649276.23,USD,031100100,United States,North America,US0311001004,0.0349
CRH PLC COMMON STOCK EUR,8589,627469.06,USD,G25508105,United States,North America,IE0001827041,0.0337
ATLAS COPCO AB COMMON,32601,599558.95,SEK,BLDBN41,Sweden,Europe,SE0017486889,0.0322
NOKIA OYJ ADR USD 0,65679,595329.88,USD,654902204,Finland,Europe,US6549022043,0.032
RHEINMETALL AG COMMON,600,561276.19,EUR,5334588,Germany,Europe,DE0007030009,0.0302
ROCKWELL AUTOMATION INC,1430,553908.1,USD,773903109,United States,North America,US7739031091,0.0298
LEGRAND SA COMMON STOCK,3301,455538,EUR,B11ZRK9,France,Europe,FR0010307819,0.0245
HOLCIM AG COMMON STOCK,6440,433537.96,CHF,7110753,United States,North America,CH0012214059,0.0233
SANDVIK AB COMMON STOCK,13187,415576.67,SEK,B1VQ252,Sweden,Europe,SE0000667891,0.0223
CIE DE SAINT-GOBAIN SA,6356,411614.56,EUR,7380482,France,Europe,FR0000125007,0.0221
ASSA ABLOY AB COMMON,12739,386898.69,SEK,BYPC1T4,Sweden,Europe,SE0007100581,0.0208
TECHNIPFMC PLC COMMON,5086,315969.11,USD,G87110105,United Kingdom,Europe,GB00BDSFG982,0.017
NVENT ELECTRIC PLC COMMON,2063,302234.65,USD,G6700G107,United States,North America,IE00BDVJJQ56,0.0162
ARCELORMITTAL SA COMMON,5425,294143.5,EUR,BYPBS67,Luxembourg,Europe,LU1598757687,0.0158
HUBBELL INC COMMON STOCK,678,287581.37,USD,443510607,United States,North America,US4435106079,0.0155
FERROVIAL SE COMMON STOCK,5984,268500.5,USD,N3168P101,United States,North America,NL0015001FS8,0.0144
SAAB AB COMMON STOCK SEK,4808,251889.42,SEK,BPXZH27,Sweden,Europe,SE0021921269,0.0135
THALES SA COMMON STOCK,1156,249349.2,EUR,4162791,France,Europe,FR0000121329,0.0134
GEBERIT AG COMMON STOCK,435,244095.54,CHF,B1WGG93,Switzerland,Europe,CH0030170408,0.0131
LEONARDO SPA COMMON STOCK,5177,237106.6,EUR,B0DJNG0,Italy,Europe,IT0003856405,0.0127
ACS ACTIVIDADES DE,2364,217488,EUR,B01FLQ6,Spain,Europe,ES0167050915,0.0117
KONE OYJ COMMON STOCK EUR,4070,211314.4,EUR,B09M9D2,Finland,Europe,FI0009013403,0.0114
AMRIZE LTD COMMON STOCK,6508,211939.69,USD,H2927K103,United States,North America,CH1430134226,0.0114
KINGSPAN GROUP PLC COMMON,1950,193354.18,EUR,4491235,Ireland,Europe,IE0004927939,0.0104
ALFA LAVAL AB COMMON,3746,187575.74,SEK,7332687,Sweden,Europe,SE0000695876,0.0101
JAMES HARDIE INDUSTRIES,7431,166746.65,USD,G4253H101,United States,North America,IE000R94NGM2,0.009000000000000001
CELLNEX TELECOM SA COMMON,7097,160250.26,EUR,BX90C05,Spain,Europe,ES0105066007,0.0086
GENERAC HOLDINGS INC,744,148959.31,USD,368736104,United States,North America,US3687361044,0.008
KONGSBERG GRUPPEN ASA,5298,144091.15,NOK,BSTRB82,Norway,Europe,NO0013536151,0.0077
REGAL REXNORD CORP COMMON,853,122004.19,USD,758750103,United States,North America,US7587501039,0.0066
CNH INDUSTRIAL NV COMMON,11200,121213.42,USD,N20944109,United States,North America,NL0010545661,0.006500000000000001
EIFFAGE SA COMMON STOCK,1189,117687.22,EUR,B13X013,France,Europe,FR0000130452,0.0063
TENARIS SA ADR USD 1,2053,103657.45,USD,88031M109,United States,North America,US88031M1099,0.005600000000000001
BOUYGUES SA COMMON STOCK,2519,102346.97,EUR,4002121,France,Europe,FR0000120503,0.005500000000000001
FORGENT POWER SOLUTIONS,2082,73932.55,USD,34631F102,United States,North America,US34631F1021,0.004
HOCHTIEF AG COMMON STOCK,193,75308.6,EUR,5108664,Germany,Europe,DE0006070006,0.004
SAIPEM SPA COMMON STOCK,16472,72575.63,EUR,BMY36H7,Italy,Europe,IT0005495657,0.0039
CASH,2402427.66,34371.4,EUR,CASH,Cash,Cash,NONE,0.0019
KYIVSTAR GROUP LTD COMMON,3058,33286.58,USD,G5331N101,Ukraine,Europe,BMG5331N1011,0.0018
INNIO NV COMMON STOCK USD,1432,24531.05,USD,N52A8C105,Germany,Europe,NL00150745D9,0.0013
SWARMER INC COMMON STOCK,942,11035.39,USD,86989Y109,United States,North America,US86989Y1091,0.0006
FERROVIAL SE COMMON STOCK,24,1063.2,EUR,BRS7CF0,United States,North America,NL0015001FS8,0.0001
